"row","images"
1,"IMG_0221.jpeg,IMG_0363.jpeg,IMG_0601.jpeg"
2,"IMG_0603.jpeg,IMG_0613.jpeg,IMG_0868.jpeg"
3,"IMG_1014.jpeg,IMG_1070.jpeg,IMG_1129.jpeg"
4,"IMG_1132.jpeg,IMG_1175.jpeg,IMG_1297.jpeg"
5,"IMG_1396.jpeg,IMG_1428.jpeg,IMG_1451.jpeg"
6,"IMG_1636.jpeg,IMG_1869.jpeg,IMG_2260.jpeg"
7,"IMG_6753.jpeg,IMG_7170.jpeg,IMG_7593.jpeg"
8,"IMG_7614.jpeg,IMG_7700.jpeg,IMG_7751.jpeg"
9,"IMG_7778.jpeg,IMG_7905.jpeg,IMG_7921.jpeg"
10,"IMG_7943.jpeg,IMG_7965.jpeg,IMG_8030.jpeg"
11,"IMG_8047.jpeg,IMG_8114.jpeg,IMG_8347.jpeg"
12,"IMG_8371.jpeg,IMG_8381.jpeg,IMG_8483.jpeg"
13,"IMG_8489.jpeg,IMG_8686.jpeg,IMG_9030.jpeg"
14,"IMG_9322.jpeg,IMG_9342.jpeg,IMG_9589.jpeg"