row,images
1,"IMG_20180211_0007_Original.jpeg,IMG_20180211_0009_Original.jpeg,IMG_20180211_0013_Original.jpeg"
2,"IMG_20180908_0013_Original.jpeg,IMG_20180913_0016_Original.jpeg,IMG_20180913_0035_Original.jpeg"
3,"IMG_20180913_0048_Original.jpeg,IMG_20180913_0052_Original.jpeg,IMG_20180914_0011_Original.jpeg"
4,"IMG_20180915_0042_Original.jpeg,IMG_20180915_0065_Original.jpeg,IMG_20180915_0068_Original.jpeg"
5,"IMG_20180915_0070_Original.jpeg,IMG_20180915_0072_Original.jpeg,IMG_20180915_0093_Original.jpeg"
6,"IMG_20180916_0002_Original.jpeg,IMG_20180916_0006_Original.jpeg,IMG_20180916_0015_Original.jpeg"
7,"IMG_20180917_0006_Original.jpeg,IMG_20180917_0008_Original.jpeg,IMG_20180917_0010_Original.jpeg"
8,"IMG_20180918_0004_Original.jpeg,IMG_20180918_0017_Original.jpeg,IMG_20180919_0004_Original.jpeg"
9,"IMG_20180919_0052_Original.jpeg,IMG_20180919_0080_Original.jpeg,IMG_20181011_0001_Original.jpeg"
10,"IMG_20181011_0034_Original.jpeg,IMG_20181013_0023_Original.jpeg,IMG_20181013_0035.jpeg"
11,"IMG_20181014_0067_Original.jpeg,IMG_20181015_0207_Original.jpeg,IMG_20181015_0222_Original.jpeg"
12,"IMG_20181015_0309_Original.jpeg,IMG_20190122_0009 (10)_Original.jpeg,IMG_20190122_0009 (16)_Original.jpeg"
13,"IMG_20190122_0009 (18)_Original (1).jpeg,IMG_20190122_0009 (18)_Original.jpeg,IMG_20190122_0009 (21)_Original.jpeg"
14,"IMG_20190122_0009 (24)_Original.jpeg,IMG_20190122_0009 (25)_Original.jpeg,IMG_20190122_0009 (27)_Original (1).jpeg"
15,"IMG_20190122_0009 (27)_Original.jpeg,IMG_20190122_0009 (3)_Original.jpeg,IMG_20190122_0009 (30)_Original.jpeg"
16,"IMG_20190122_0009 (33)_Original.jpeg,IMG_20190122_0009 (36)_Original (1).jpeg,IMG_20190122_0009 (36)_Original.jpeg"
17,"IMG_20190122_0009 (39)_Original.jpeg,IMG_20190122_0009 (40)_Original (1).jpeg,IMG_20190122_0009 (40)_Original.jpeg"
18,"IMG_20190122_0009 (41)_Original.jpeg,IMG_20190122_0009 (43)_Original (1).jpeg,IMG_20190122_0009 (43)_Original.jpeg"
19,"IMG_20190122_0009 (5)_Original.jpeg,IMG_20190122_0009 (52)_Original.jpeg,IMG_20190122_0009 (54)_Original.jpeg"
20,"IMG_20190122_0009 (67)_Original.jpeg,IMG_20190122_0009 (7)_Original.jpeg,IMG_20190122_0009 (72)_Original.jpeg"
21,"IMG_20190122_0009 (74)_Original.jpeg,IMG_20190122_0009 (79)_Original.jpeg,IMG_20190122_0009 (80)_Original.jpeg"
22,"IMG_20190122_0009 (83)_Original.jpeg"
1,"IMG_20180211_0007_Original.jpeg,IMG_20180211_0009_Original.jpeg,IMG_20180211_0013_Original.jpeg"
2,"IMG_20180908_0013_Original.jpeg,IMG_20180913_0016_Original.jpeg,IMG_20180913_0035_Original.jpeg"
3,"IMG_20180913_0048_Original.jpeg,IMG_20180913_0052_Original.jpeg,IMG_20180914_0011_Original.jpeg"
4,"IMG_20180915_0042_Original.jpeg,IMG_20180915_0065_Original.jpeg,IMG_20180915_0068_Original.jpeg"
5,"IMG_20180915_0070_Original.jpeg,IMG_20180915_0072_Original.jpeg,IMG_20180915_0093_Original.jpeg"
6,"IMG_20180916_0002_Original.jpeg,IMG_20180916_0006_Original.jpeg,IMG_20180916_0015_Original.jpeg"
7,"IMG_20180917_0006_Original.jpeg,IMG_20180917_0008_Original.jpeg,IMG_20180917_0010_Original.jpeg"
8,"IMG_20180918_0004_Original.jpeg,IMG_20180918_0017_Original.jpeg,IMG_20180919_0004_Original.jpeg"
9,"IMG_20180919_0052_Original.jpeg,IMG_20180919_0080_Original.jpeg,IMG_20181011_0001_Original.jpeg"
10,"IMG_20181011_0034_Original.jpeg,IMG_20181013_0023_Original.jpeg,IMG_20181013_0035.jpeg"
11,"IMG_20181014_0067_Original.jpeg,IMG_20181015_0207_Original.jpeg,IMG_20181015_0222_Original.jpeg"
12,"IMG_20181015_0309_Original.jpeg,IMG_20190122_0009 (10)_Original.jpeg,IMG_20190122_0009 (16)_Original.jpeg"
13,"IMG_20190122_0009 (18)_Original (1).jpeg,IMG_20190122_0009 (18)_Original.jpeg,IMG_20190122_0009 (21)_Original.jpeg"
14,"IMG_20190122_0009 (24)_Original.jpeg,IMG_20190122_0009 (25)_Original.jpeg,IMG_20190122_0009 (27)_Original (1).jpeg"
15,"IMG_20190122_0009 (27)_Original.jpeg,IMG_20190122_0009 (3)_Original.jpeg,IMG_20190122_0009 (30)_Original.jpeg"
16,"IMG_20190122_0009 (33)_Original.jpeg,IMG_20190122_0009 (36)_Original (1).jpeg,IMG_20190122_0009 (36)_Original.jpeg"
17,"IMG_20190122_0009 (39)_Original.jpeg,IMG_20190122_0009 (40)_Original (1).jpeg,IMG_20190122_0009 (40)_Original.jpeg"
18,"IMG_20190122_0009 (41)_Original.jpeg,IMG_20190122_0009 (43)_Original (1).jpeg,IMG_20190122_0009 (43)_Original.jpeg"
19,"IMG_20190122_0009 (5)_Original.jpeg,IMG_20190122_0009 (52)_Original.jpeg,IMG_20190122_0009 (54)_Original.jpeg"
20,"IMG_20190122_0009 (67)_Original.jpeg,IMG_20190122_0009 (7)_Original.jpeg,IMG_20190122_0009 (72)_Original.jpeg"
21,"IMG_20190122_0009 (74)_Original.jpeg,IMG_20190122_0009 (79)_Original.jpeg,IMG_20190122_0009 (80)_Original.jpeg"
22,"IMG_20190122_0009 (83)_Original.jpeg"
1,"IMG_0221.jpeg,IMG_0363.jpeg,IMG_0601.jpeg"
2,"IMG_0603.jpeg,IMG_0613.jpeg,IMG_0868.jpeg"
3,"IMG_1014.jpeg,IMG_1070.jpeg,IMG_1129.jpeg"
4,"IMG_1132.jpeg,IMG_1175.jpeg,IMG_1297.jpeg"
5,"IMG_1396.jpeg,IMG_1428.jpeg,IMG_1451.jpeg"
6,"IMG_1636.jpeg,IMG_1869.jpeg,IMG_2260.jpeg"
7,"IMG_6753.jpeg,IMG_7170.jpeg,IMG_7593.jpeg"
8,"IMG_7614.jpeg,IMG_7700.jpeg,IMG_7751.jpeg"
9,"IMG_7778.jpeg,IMG_7905.jpeg,IMG_7921.jpeg"
10,"IMG_7943.jpeg,IMG_7965.jpeg,IMG_8030.jpeg"
11,"IMG_8047.jpeg,IMG_8114.jpeg,IMG_8347.jpeg"
12,"IMG_8371.jpeg,IMG_8381.jpeg,IMG_8483.jpeg"
13,"IMG_8489.jpeg,IMG_8686.jpeg,IMG_9030.jpeg"
14,"IMG_9322.jpeg,IMG_9342.jpeg,IMG_9589.jpeg"
1,"IMG_0221.jpeg,IMG_0363.jpeg,IMG_0601.jpeg"
2,"IMG_0603.jpeg,IMG_0613.jpeg,IMG_0868.jpeg"
3,"IMG_1014.jpeg,IMG_1070.jpeg,IMG_1129.jpeg"
4,"IMG_1132.jpeg,IMG_1175.jpeg,IMG_1297.jpeg"
5,"IMG_1396.jpeg,IMG_1428.jpeg,IMG_1451.jpeg"
6,"IMG_1636.jpeg,IMG_1869.jpeg,IMG_2260.jpeg"
7,"IMG_6753.jpeg,IMG_7170.jpeg,IMG_7593.jpeg"
8,"IMG_7614.jpeg,IMG_7700.jpeg,IMG_7751.jpeg"
9,"IMG_7778.jpeg,IMG_7905.jpeg,IMG_7921.jpeg"
10,"IMG_7943.jpeg,IMG_7965.jpeg,IMG_8030.jpeg"
11,"IMG_8047.jpeg,IMG_8114.jpeg,IMG_8347.jpeg"
12,"IMG_8371.jpeg,IMG_8381.jpeg,IMG_8483.jpeg"
13,"IMG_8489.jpeg,IMG_8686.jpeg,IMG_9030.jpeg"
14,"IMG_9322.jpeg,IMG_9342.jpeg,IMG_9589.jpeg"
1,"IMG_0221.jpeg,IMG_0363.jpeg,IMG_0601.jpeg"
2,"IMG_0603.jpeg,IMG_0613.jpeg,IMG_0868.jpeg"
3,"IMG_1014.jpeg,IMG_1070.jpeg,IMG_1129.jpeg"
4,"IMG_1132.jpeg,IMG_1175.jpeg,IMG_1297.jpeg"
5,"IMG_1396.jpeg,IMG_1428.jpeg,IMG_1451.jpeg"
6,"IMG_1636.jpeg,IMG_1869.jpeg,IMG_2260.jpeg"
7,"IMG_6753.jpeg,IMG_7170.jpeg,IMG_7593.jpeg"
8,"IMG_7614.jpeg,IMG_7700.jpeg,IMG_7751.jpeg"
9,"IMG_7778.jpeg,IMG_7905.jpeg,IMG_7921.jpeg"
10,"IMG_7943.jpeg,IMG_7965.jpeg,IMG_8030.jpeg"
11,"IMG_8047.jpeg,IMG_8114.jpeg,IMG_8347.jpeg"
12,"IMG_8371.jpeg,IMG_8381.jpeg,IMG_8483.jpeg"
13,"IMG_8489.jpeg,IMG_8686.jpeg,IMG_9030.jpeg"
14,"IMG_9322.jpeg,IMG_9342.jpeg,IMG_9589.jpeg"
"food",1,"IMG_0221.jpeg,IMG_0363.jpeg,IMG_0601.jpeg"
"food",2,"IMG_0603.jpeg,IMG_0613.jpeg,IMG_0868.jpeg"
"food",3,"IMG_1014.jpeg,IMG_1070.jpeg,IMG_1129.jpeg"
"food",4,"IMG_1132.jpeg,IMG_1175.jpeg,IMG_1297.jpeg"
"food",5,"IMG_1396.jpeg,IMG_1428.jpeg,IMG_1451.jpeg"
"food",6,"IMG_1636.jpeg,IMG_1869.jpeg,IMG_2260.jpeg"
"food",7,"IMG_6753.jpeg,IMG_7170.jpeg,IMG_7593.jpeg"
"food",8,"IMG_7614.jpeg,IMG_7700.jpeg,IMG_7751.jpeg"
"food",9,"IMG_7778.jpeg,IMG_7905.jpeg,IMG_7921.jpeg"
"food",10,"IMG_7943.jpeg,IMG_7965.jpeg,IMG_8030.jpeg"
"food",11,"IMG_8047.jpeg,IMG_8114.jpeg,IMG_8347.jpeg"
"food",12,"IMG_8371.jpeg,IMG_8381.jpeg,IMG_8483.jpeg"
"food",13,"IMG_8489.jpeg,IMG_8686.jpeg,IMG_9030.jpeg"
"food",14,"IMG_9322.jpeg,IMG_9342.jpeg,IMG_9589.jpeg"
"food","IMG_0221.jpeg,IMG_0363.jpeg,IMG_0601.jpeg"
"food","IMG_0603.jpeg,IMG_0613.jpeg,IMG_0868.jpeg"
"food","IMG_1014.jpeg,IMG_1070.jpeg,IMG_1129.jpeg"
"food","IMG_1132.jpeg,IMG_1175.jpeg,IMG_1297.jpeg"
"food","IMG_1396.jpeg,IMG_1428.jpeg,IMG_1451.jpeg"
"food","IMG_1636.jpeg,IMG_1869.jpeg,IMG_2260.jpeg"
"food","IMG_6753.jpeg,IMG_7170.jpeg,IMG_7593.jpeg"
"food","IMG_7614.jpeg,IMG_7700.jpeg,IMG_7751.jpeg"
"food","IMG_7778.jpeg,IMG_7905.jpeg,IMG_7921.jpeg"
"food","IMG_7943.jpeg,IMG_7965.jpeg,IMG_8030.jpeg"
"food","IMG_8047.jpeg,IMG_8114.jpeg,IMG_8347.jpeg"
"food","IMG_8371.jpeg,IMG_8381.jpeg,IMG_8483.jpeg"
"food","IMG_8489.jpeg,IMG_8686.jpeg,IMG_9030.jpeg"
"food","IMG_9322.jpeg,IMG_9342.jpeg,IMG_9589.jpeg"
"food","IMG_0221.jpeg,IMG_0363.jpeg,IMG_0601.jpeg,IMG_0603.jpeg,IMG_0613.jpeg,IMG_0868.jpeg,IMG_1014.jpeg,IMG_1070.jpeg,IMG_1129.jpeg,IMG_1132.jpeg,IMG_1175.jpeg,IMG_1297.jpeg,IMG_1396.jpeg,IMG_1428.jpeg,IMG_1451.jpeg,IMG_1636.jpeg,IMG_1869.jpeg,IMG_2260.jpeg,IMG_6753.jpeg,IMG_7170.jpeg,IMG_7593.jpeg,IMG_7614.jpeg,IMG_7700.jpeg,IMG_7751.jpeg,IMG_7778.jpeg,IMG_7905.jpeg,IMG_7921.jpeg,IMG_7943.jpeg,IMG_7965.jpeg,IMG_8030.jpeg,IMG_8047.jpeg,IMG_8114.jpeg,IMG_8347.jpeg,IMG_8371.jpeg,IMG_8381.jpeg,IMG_8483.jpeg,IMG_8489.jpeg,IMG_8686.jpeg,IMG_9030.jpeg,IMG_9322.jpeg,IMG_9342.jpeg,IMG_9589.jpeg"